country_code,country_name,country_flag
AF,Afghanistan,ğŸ‡¦ğŸ‡«
AL,Albania,ğŸ‡¦ğŸ‡±
DZ,Algeria,ğŸ‡©ğŸ‡¿
AD,Andorra,ğŸ‡¦ğŸ‡©
AO,Angola,ğŸ‡¦ğŸ‡´
AG,Antigua and Barbuda,ğŸ‡¦ğŸ‡¬
AR,Argentina,ğŸ‡¦ğŸ‡·
AM,Armenia,ğŸ‡¦ğŸ‡²
AU,Australia,ğŸ‡¦ğŸ‡º
AT,Austria,ğŸ‡¦ğŸ‡¹
AZ,Azerbaijan,ğŸ‡¦ğŸ‡¿
BS,Bahamas,ğŸ‡§ğŸ‡¸
BH,Bahrain,ğŸ‡§ğŸ‡­
BD,Bangladesh,ğŸ‡§ğŸ‡©
BB,Barbados,ğŸ‡§ğŸ‡§
BY,Belarus,ğŸ‡§ğŸ‡¾
BE,Belgium,ğŸ‡§ğŸ‡ª
BZ,Belize,ğŸ‡§ğŸ‡¿
BJ,Benin,ğŸ‡§ğŸ‡¯
BT,Bhutan,ğŸ‡§ğŸ‡¹
BO,Bolivia,ğŸ‡§ğŸ‡´
BA,Bosnia and Herzegovina,ğŸ‡§ğŸ‡¦
BW,Botswana,ğŸ‡§ğŸ‡¼
BR,Brazil,ğŸ‡§ğŸ‡·
BN,Brunei,ğŸ‡§ğŸ‡³
BG,Bulgaria,ğŸ‡§ğŸ‡¬
BF,Burkina Faso,ğŸ‡§ğŸ‡«
BI,Burundi,ğŸ‡§ğŸ‡®
CV,Cape Verde,ğŸ‡¨ğŸ‡»
KH,Cambodia,ğŸ‡°ğŸ‡­
CM,Cameroon,ğŸ‡¨ğŸ‡²
CA,Canada,ğŸ‡¨ğŸ‡¦
CF,Central African Republic,ğŸ‡¨ğŸ‡«
TD,Chad,ğŸ‡¹ğŸ‡©
CL,Chile,ğŸ‡¨ğŸ‡±
CN,China,ğŸ‡¨ğŸ‡³
CO,Colombia,ğŸ‡¨ğŸ‡´
KM,Comoros,ğŸ‡°ğŸ‡²
CG,Congo,ğŸ‡¨ğŸ‡¬
CD,Congo (Democratic Republic),ğŸ‡¨ğŸ‡©
CK,Cook Islands,ğŸ‡°ğŸ‡¾
CR,Costa Rica,ğŸ‡¨ğŸ‡·
HR,Croatia,ğŸ‡­ğŸ‡·
CU,Cuba,ğŸ‡¨ğŸ‡º
CY,Cyprus,ğŸ‡¨ğŸ‡¾
CZ,Czech Republic,ğŸ‡¨ğŸ‡¿
DK,Denmark,ğŸ‡©ğŸ‡°
DJ,Djibouti,ğŸ‡©ğŸ‡¯
DM,Dominica,ğŸ‡©ğŸ‡²
DO,Dominican Republic,ğŸ‡©ğŸ‡´
EC,Ecuador,ğŸ‡ªğŸ‡¨
EG,Egypt,ğŸ‡ªğŸ‡¬
SV,El Salvador,ğŸ‡¸ğŸ‡»
GQ,Equatorial Guinea,ğŸ‡ªğŸ‡¨
ER,Eritrea,ğŸ‡ªğŸ‡¹
EE,Estonia,ğŸ‡ªğŸ‡ª
SZ,Eswatini,ğŸ‡¸ğŸ‡¿
ET,Ethiopia,ğŸ‡ªğŸ‡¹
FJ,Fiji,ğŸ‡«ğŸ‡¯
FI,Finland,ğŸ‡«ğŸ‡®
FR,France,ğŸ‡«ğŸ‡·
GA,Gabon,ğŸ‡¬ğŸ‡¦
GM,Gambia,ğŸ‡²ğŸ‡¬
GE,Georgia,ğŸ‡¬ğŸ‡ª
DE,Germany,ğŸ‡©ğŸ‡ª
GH,Ghana,ğŸ‡¬ğŸ‡­
GR,Greece,ğŸ‡¬ğŸ‡·
GD,Grenada,ğŸ‡¬ğŸ‡©
GT,Guatemala,ğŸ‡²ğŸ‡¬
GN,Guinea,ğŸ‡¬ğŸ‡³
GW,Guinea-Bissau,ğŸ‡¬ğŸ‡¼
GY,Guyana,ğŸ‡¬ğŸ‡¾
HT,Haiti,ğŸ‡­ğŸ‡¹
HN,Honduras,ğŸ‡­ğŸ‡³
HU,Hungary,ğŸ‡­ğŸ‡º
IS,Iceland,ğŸ‡®ğŸ‡¸
IN,India,ğŸ‡®ğŸ‡³
ID,Indonesia,ğŸ‡®ğŸ‡©
IR,Iran,ğŸ‡®ğŸ‡·
IQ,Iraq,ğŸ‡®ğŸ‡¶
IE,Ireland,ğŸ‡®ğŸ‡ª
IL,Israel,ğŸ‡®ğŸ‡±
IT,Italy,ğŸ‡®ğŸ‡¹
JM,Jamaica,ğŸ‡¯ğŸ‡²
JP,Japan,ğŸ‡¯ğŸ‡µ
JO,Jordan,ğŸ‡¯ğŸ‡´
KZ,Kazakhstan,ğŸ‡°ğŸ‡¿
KE,Kenya,ğŸ‡°ğŸ‡ª
KI,Kiribati,ğŸ‡°ğŸ‡®
KR,South Korea,ğŸ‡°ğŸ‡·
KW,Kuwait,ğŸ‡°ğŸ‡¼
KG,Kyrgyzstan,ğŸ‡°ğŸ‡¬
LA,Laos,ğŸ‡±ğŸ‡¦
LV,Latvia,ğŸ‡±ğŸ‡»
LB,Lebanon,ğŸ‡±ğŸ‡§
LS,Lesotho,ğŸ‡±ğŸ‡¸
LR,Liberia,ğŸ‡±ğŸ‡·
LY,Libya,ğŸ‡±ğŸ‡¾
LI,Lichtenstein,ğŸ‡±ğŸ‡®
LT,Lithuania,ğŸ‡±ğŸ‡¹
LU,Luxembourg,ğŸ‡±ğŸ‡º
MG,Madagascar,ğŸ‡²ğŸ‡¬
MW,Malawi,ğŸ‡²ğŸ‡¼
MY,Malaysia,ğŸ‡²ğŸ‡¾
MV,Maldives,ğŸ‡²ğŸ‡»
ML,Mali,ğŸ‡²ğŸ‡±
MT,Malta,ğŸ‡²ğŸ‡¹
MH,Marshall Islands,ğŸ‡²ğŸ‡­
MR,Mauritania,ğŸ‡²ğŸ‡·
MU,Mauritius,ğŸ‡²ğŸ‡º
MX,Mexico,ğŸ‡²ğŸ‡½
FM,Micronesia,ğŸ‡«ğŸ‡²
MD,Moldova,ğŸ‡²ğŸ‡©
MC,Monaco,ğŸ‡²ğŸ‡¨
MN,Mongolia,ğŸ‡²ğŸ‡³
ME,Montenegro,ğŸ‡²ğŸ‡ª
MA,Morocco,ğŸ‡²ğŸ‡¦
MZ,Mozambique,ğŸ‡²ğŸ‡¿
MM/Myanmar,Myanmar,ğŸ‡²ğŸ‡²
NA,Namibia,ğŸ‡³ğŸ‡¦
NR,Nauru,ğŸ‡³ğŸ‡·
NP,Nepal,ğŸ‡³ğŸ‡µ
NL,Netherlands,ğŸ‡³ğŸ‡±
NZ,New Zealand,ğŸ‡³ğŸ‡¿
NI,Nicaragua,ğŸ‡³ğŸ‡®
NE,Niger,ğŸ‡³ğŸ‡ª
NG,Nigeria,ğŸ‡³ğŸ‡¬
NU,Niue,ğŸ‡³ğŸ‡º
NF,Norfolk Island,ğŸ‡³ğŸ‡«
MP,Northern Mariana Islands,ğŸ‡²ğŸ‡µ
NO,Norway,ğŸ‡³ğŸ‡´
OM,Oman,ğŸ‡´ğŸ‡²
PK, Pakistan,ğŸ‡µğŸ‡°
PW,Palau,ğŸ‡µğŸ‡¼
PA,Panama,ğŸ‡µğŸ‡¦
PG,Papua New Guinea,ğŸ‡µğŸ‡¬
PY,Paraguay,ğŸ‡µğŸ‡¾
PE,Peru,ğŸ‡µğŸ‡ª
PH,Philippines,ğŸ‡µğŸ‡­
PL,Poland,ğŸ‡µğŸ‡±
PT,Portugal,ğŸ‡µğŸ‡¹
PR,Puerto Rico,ğŸ‡µğŸ‡·
QA,Qatar,ğŸ‡¶ğŸ‡¦
RE,RÃ©union,ğŸ‡·ğŸ‡ª
RO,Romania,ğŸ‡·ğŸ‡´
RU,Russia,ğŸ‡·ğŸ‡º
RW,Rwanda,ğŸ‡·ğŸ‡¼
SH,St. Helena,ğŸ‡±ğŸ‡¸
KN,St. Kitts and Nevis,ğŸ‡°ğŸ‡³
LC,St. Lucia,ğŸ‡±ğŸ‡¨
PM,St. Pierre and Miquelon,ğŸ‡µğŸ‡²
VC,St. Vincent and the Grenadines,ğŸ‡»ğŸ‡¨
WS,Samoa,ğŸ‡¼ğŸ‡¸
SM,San Marino,ğŸ‡¸ğŸ‡²
ST,Sao Tome and Principe,ğŸ‡¸ğŸ‡¹
SA,Saudi Arabia,ğŸ‡¸ğŸ‡¦
SN,Senegal,ğŸ‡¸ğŸ‡³
RS,Serbia,ğŸ‡·ğŸ‡¸
SC,Seychelles,ğŸ‡¸ğŸ‡¨
SL,Sierra Leone,ğŸ‡±ğŸ‡¸
SG,Singapore,ğŸ‡¸ğŸ‡¬
SX,Sint Maarten,ğŸ‡±ğŸ‡¸
SK,Slovakia,ğŸ‡¸ğŸ‡°
SI,Slovenia,ğŸ‡¸ğŸ‡®
SB,Solomon Islands,ğŸ‡¸ğŸ‡§
SO,Somalia,ğŸ‡¸ğŸ‡´
ZA,South Africa,ğŸ‡¿ğŸ‡¦
SS,South Sudan,ğŸ‡¸ğŸ‡¸
ES,Spain,ğŸ‡ªğŸ‡¸
LK,Sri Lanka,ğŸ‡±ğŸ‡°
SD,Sudan,ğŸ‡¸ğŸ‡©
SR,Suriname,ğŸ‡±ğŸ‡¸
SZ,Eswatini,ğŸ‡¸ğŸ‡¿
SE,Sweden,ğŸ‡¸ğŸ‡ª
CH,Switzerland,ğŸ‡¨ğŸ‡­
SY,Syria,ğŸ‡¸ğŸ‡¾
TW,Taiwan,ğŸ‡¹ğŸ‡¼
TJ,Tajikistan,ğŸ‡¹ğŸ‡¯
TZ,Tanzania,ğŸ‡¹ğŸ‡¿
TH,Thailand,ğŸ‡¹ğŸ‡­
TL,Timor-Leste,ğŸ‡²ğŸ‡±
TG,Togo,ğŸ‡¹ğŸ‡¬
TK,Tokelau,ğŸ‡¹ğŸ‡°
TO,Tonga,ğŸ‡¹ğŸ‡´
TT,Trinidad and Tobago,ğŸ‡¹ğŸ‡¹
TN,Tunisia,ğŸ‡¹ğŸ‡³
TR,Turkey,ğŸ‡¹ğŸ‡·
TM,Turkmenistan,ğŸ‡¹ğŸ‡²
TC,Turks and Caicos Islands,ğŸ‡¹ğŸ‡¨
TV,Tuvalu,ğŸ‡¹ğŸ‡»
UG,Uganda,ğŸ‡ºğŸ‡¬
UA,Ukraine,ğŸ‡ºğŸ‡¦
AE,United Arab Emirates,ğŸ‡¦ğŸ‡ª
GB,United Kingdom,ğŸ‡¬ğŸ‡§
US,United States,ğŸ‡ºğŸ‡¸
UY,Uruguay,ğŸ‡ºğŸ‡¾
UZ,Uzbekistan,ğŸ‡ºğŸ‡¿
VU,Vanuatu,ğŸ‡»ğŸ‡º
VE,Venezuela,ğŸ‡»ğŸ‡ª
VN,Vietnam,ğŸ‡»ğŸ‡³
WF,Wallis and Futuna,ğŸ‡¼ğŸ‡«
EH,Western Sahara,ğŸ‡ªğŸ‡­
YE,Yemen,ğŸ‡¾ğŸ‡ª
ZM,Zambia,ğŸ‡¿ğŸ‡²
ZW,Zimbabwe,ğŸ‡¿ğŸ‡¼
